alabasta,baroque,luffy,tony,crocodile,straw,grand,crew,island,hat
pirates,piece,king,treasure,kaizoku,grand,su,roger,wan,japanese
island,pose,log,magnetic,series,north,field,指針,locking,language
haki,zou,color,sanji,charlotte,jack,zunisha,family,possesses,shoku
sea,devil,fruit,grand,user,fruits,blue,red,called,water
crew,government,franky,straw,war,robin,pirates,battle,merry,ship
luffy,navy,crew,captain,roger,pirates,pirate,ace,head,journey
manga,piece,series,copies,book,set,oda,eiichiro,volumes,japan
island,fishman,pirates,half,hats,straw,animals,alliance,hazard,punk
luffy,dressrosa,flame,fruit,alliance,defeat,doflamingo,competition,devil,nami
